10.jpg,0
100.jpg,0
101.jpg,0
102.jpg,0
103.jpg,0
104.jpg,0
105.jpg,0
106.jpg,0
107.jpg,0
108.jpg,0
109.jpg,0
110.jpg,0
111.jpg,0
112.jpg,0
113.jpg,0
114.jpg,0
115.jpg,0
116.jpg,0
117.jpg,0
118.jpg,0
119.jpg,0
12.jpg,0
120.jpg,0
121.jpg,0
122.jpg,0
123.jpg,0
124.jpg,0
125.jpg,0
126.jpg,0
127.jpg,0
128.jpg,0
129.jpg,0
130.jpg,0
131.jpg,0
132.jpg,0
133.jpg,0
134.jpg,0
135.jpg,0
136.jpg,0
137.jpg,0
138.jpg,0
139.jpg,0
14.jpg,0
140.jpg,0
141.jpg,0
142.jpg,0
143.jpg,0
144.jpg,0
145.jpg,0
146.jpg,0
147.jpg,0
148.jpg,0
149.jpg,0
15.jpg,0
150.jpg,0
151.jpg,0
152.jpg,0
153.jpg,0
154.jpg,0
155.jpg,0
156.jpg,0
157.jpg,0
158.jpg,0
159.jpg,0
16.jpg,0
160.jpg,0
161.jpg,0
162.jpg,0
163.jpg,0
164.jpg,0
165.jpg,0
166.jpg,0
167.jpg,0
168.jpg,0
169.jpg,0
170.jpg,0
171.jpg,0
172.jpg,0
173.jpg,0
174.jpg,0
175.jpg,0
176.jpg,0
177.jpg,0
178.jpg,0
179.jpg,0
180.jpg,0
181.jpg,0
182.jpg,0
183.jpg,0
184.jpg,0
185.jpg,0
186.jpg,0
187.jpg,0
188.jpg,0
189.jpg,0
190.jpg,0
191.jpg,0
192.jpg,0
193.jpg,0
194.jpg,0
195.jpg,0
196.jpg,0
197.jpg,0
198.jpg,0
199.jpg,0
2.jpg,0
200.jpg,0
201.jpg,0
202.jpg,0
203.jpg,0
204.jpg,0
205.jpg,0
206.jpg,0
207.jpg,0
208.jpg,0
209.jpg,0
210.jpg,0
211.jpg,0
212.jpg,0
213.jpg,0
214.jpg,0
215.jpg,0
216.jpg,0
217.jpg,0
218.jpg,0
219.jpg,0
220.jpg,0
221.jpg,0
222.jpg,0
223.jpg,0
224.jpg,0
225.jpg,0
226.jpg,0
227.jpg,0
228.jpg,0
229.jpg,0
23.jpg,0
230.jpg,0
231.jpg,0
232.jpg,0
233.jpg,0
234.jpg,0
235.jpg,0
236.jpg,0
237.jpg,0
238.jpg,0
239.jpg,0
24.jpg,0
240.jpg,0
241.jpg,0
242.jpg,0
243.jpg,0
244.jpg,0
245.jpg,0
246.jpg,0
247.jpg,0
248.jpg,0
249.jpg,0
250.jpg,0
251.jpg,0
252.jpg,0
253.jpg,0
254.jpg,0
255.jpg,0
256.jpg,0
257.jpg,0
258.jpg,0
259.jpg,0
260.jpg,0
261.jpg,0
262.jpg,0
263.jpg,0
264.jpg,0
265.jpg,0
266.jpg,0
267.jpg,0
268.jpg,0
269.jpg,0
27.jpg,0
270.jpg,0
271.jpg,0
272.jpg,0
273.jpg,0
274.jpg,0
275.jpg,0
276.jpg,0
277.jpg,0
278.jpg,0
279.jpg,0
280.jpg,0
281.jpg,0
282.jpg,0
283.jpg,0
284.jpg,0
285.jpg,0
286.jpg,0
287.jpg,0
288.jpg,0
289.jpg,0
290.jpg,0
291.jpg,0
292.jpg,0
293.jpg,0
294.jpg,0
295.jpg,0
296.jpg,0
297.jpg,0
298.jpg,0
299.jpg,0
31.jpg,0
32.jpg,0
33.jpg,0
34.jpg,0
35.jpg,0
39.jpg,0
41.jpg,0
42.jpg,0
43.jpg,0
44.jpg,0
45.jpg,0
46.jpg,0
48.jpg,0
49.jpg,0
5.jpg,0
50.jpg,0
51.jpg,0
52.jpg,0
53.jpg,0
54.jpg,0
55.jpg,0
56.jpg,0
57.jpg,0
58.jpg,0
59.jpg,0
6.jpg,0
60.jpg,0
61.jpg,0
62.jpg,0
63.jpg,0
64.jpg,0
65.jpg,0
66.jpg,0
68.jpg,0
7.jpg,0
70.jpg,0
71.jpg,0
72.jpg,0
74.jpg,0
76.jpg,0
77.jpg,0
78.jpg,0
8.jpg,0
82.jpg,0
83.jpg,0
84.jpg,0
85.jpg,0
86.jpg,0
87.jpg,0
88.jpg,0
89.jpg,0
9.jpg,0
90.jpg,0
92.jpg,0
93.jpg,0
94.jpg,0
95.jpg,0
96.jpg,0
97.jpg,0
98.jpg,0
99.jpg,0
303.jpg,1
304.jpg,1
305.jpg,1
306.jpg,1
307.jpg,1
308.jpg,1
309.jpg,1
312.jpg,1
316.jpg,1
317.jpg,1
318.jpg,1
320.jpg,1
322.jpg,1
323.jpg,1
324.jpg,1
325.jpg,1
327.jpg,1
328.jpg,1
329.jpg,1
330.jpg,1
331.jpg,1
332.jpg,1
333.jpg,1
334.jpg,1
335.jpg,1
336.jpg,1
337.jpg,1
338.jpg,1
339.jpg,1
340.jpg,1
341.jpg,1
343.jpg,1
344.jpg,1
345.jpg,1
346.jpg,1
347.jpg,1
348.jpg,1
351.jpg,1
352.jpg,1
353.jpg,1
360.jpg,1
363.jpg,1
364.jpg,1
365.jpg,1
366.jpg,1
368.jpg,1
369.jpg,1
370.jpg,1
371.jpg,1
372.jpg,1
373.jpg,1
374.jpg,1
375.jpg,1
376.jpg,1
378.jpg,1
379.jpg,1
381.jpg,1
382.jpg,1
383.jpg,1
384.jpg,1
385.jpg,1
386.jpg,1
387.jpg,1
388.jpg,1
389.jpg,1
390.jpg,1
395.jpg,1
396.jpg,1
398.jpg,1
399.jpg,1
400.jpg,1
401.jpg,1
402.jpg,1
403.jpg,1
404.jpg,1
405.jpg,1
406.jpg,1
407.jpg,1
408.jpg,1
409.jpg,1
410.jpg,1
411.jpg,1
412.jpg,1
413.jpg,1
414.jpg,1
415.jpg,1
416.jpg,1
417.jpg,1
418.jpg,1
419.jpg,1
420.jpg,1
421.jpg,1
422.jpg,1
423.jpg,1
424.jpg,1
425.jpg,1
426.jpg,1
427.jpg,1
428.jpg,1
429.jpg,1
430.jpg,1
431.jpg,1
432.jpg,1
433.jpg,1
434.jpg,1
435.jpg,1
436.jpg,1
437.jpg,1
438.jpg,1
439.jpg,1
440.jpg,1
441.jpg,1
442.jpg,1
443.jpg,1
444.jpg,1
445.jpg,1
446.jpg,1
447.jpg,1
448.jpg,1
449.jpg,1
450.jpg,1
451.jpg,1
452.jpg,1
453.jpg,1
454.jpg,1
455.jpg,1
456.jpg,1
457.jpg,1
458.jpg,1
459.jpg,1
460.jpg,1
461.jpg,1
462.jpg,1
463.jpg,1
464.jpg,1
465.jpg,1
466.jpg,1
467.jpg,1
468.jpg,1
469.jpg,1
470.jpg,1
471.jpg,1
472.jpg,1
473.jpg,1
474.jpg,1
475.jpg,1
476.jpg,1
477.jpg,1
478.jpg,1
479.jpg,1
480.jpg,1
481.jpg,1
482.jpg,1
483.jpg,1
484.jpg,1
485.jpg,1
486.jpg,1
487.jpg,1
488.jpg,1
489.jpg,1
490.jpg,1
491.jpg,1
492.jpg,1
493.jpg,1
494.jpg,1
495.jpg,1
496.jpg,1
497.jpg,1
498.jpg,1
499.jpg,1
500.jpg,1
501.jpg,1
502.jpg,1
503.jpg,1
504.jpg,1
505.jpg,1
506.jpg,1
507.jpg,1
508.jpg,1
509.jpg,1
510.jpg,1
511.jpg,1
512.jpg,1
513.jpg,1
514.jpg,1
515.jpg,1
516.jpg,1
517.jpg,1
518.jpg,1
519.jpg,1
520.jpg,1
521.jpg,1
522.jpg,1
523.jpg,1
524.jpg,1
525.jpg,1
526.jpg,1
527.jpg,1
528.jpg,1
529.jpg,1
530.jpg,1
531.jpg,1
532.jpg,1
533.jpg,1
534.jpg,1
535.jpg,1
536.jpg,1
537.jpg,1
538.jpg,1
539.jpg,1
540.jpg,1
541.jpg,1
542.jpg,1
543.jpg,1
544.jpg,1
545.jpg,1
546.jpg,1
547.jpg,1
548.jpg,1
549.jpg,1
550.jpg,1
551.jpg,1
552.jpg,1
553.jpg,1
554.jpg,1
555.jpg,1
556.jpg,1
557.jpg,1
558.jpg,1
559.jpg,1
560.jpg,1
561.jpg,1
562.jpg,1
563.jpg,1
564.jpg,1
565.jpg,1
566.jpg,1
567.jpg,1
598.jpg,2
599.jpg,2
600.jpg,2
601.jpg,2
602.jpg,2
603.jpg,2
604.jpg,2
605.jpg,2
606.jpg,2
607.jpg,2
608.jpg,2
609.jpg,2
610.jpg,2
611.jpg,2
612.jpg,2
613.jpg,2
614.jpg,2
615.jpg,2
616.jpg,2
617.jpg,2
618.jpg,2
619.jpg,2
620.jpg,2
621.jpg,2
622.jpg,2
623.jpg,2
624.jpg,2
625.jpg,2
626.jpg,2
627.jpg,2
628.jpg,2
629.jpg,2
630.jpg,2
631.jpg,2
632.jpg,2
633.jpg,2
634.jpg,2
635.jpg,2
636.jpg,2
637.jpg,2
638.jpg,2
639.jpg,2
640.jpg,2
641.jpg,2
642.jpg,2
643.jpg,2
644.jpg,2
645.jpg,2
646.jpg,2
647.jpg,2
648.jpg,2
649.jpg,2
650.jpg,2
651.jpg,2
652.jpg,2
653.jpg,2
654.jpg,2
655.jpg,2
656.jpg,2
657.jpg,2
658.jpg,2
659.jpg,2
660.jpg,2
661.jpg,2
662.jpg,2
663.jpg,2
664.jpg,2
665.jpg,2
666.jpg,2
667.jpg,2
668.jpg,2
669.jpg,2
670.jpg,2
671.jpg,2
672.jpg,2
673.jpg,2
674.jpg,2
675.jpg,2
676.jpg,2
677.jpg,2
678.jpg,2
679.jpg,2
680.jpg,2
681.jpg,2
682.jpg,2
683.jpg,2
684.jpg,2
685.jpg,2
686.jpg,2
687.jpg,2
688.jpg,2
689.jpg,2
690.jpg,2
691.jpg,2
692.jpg,2
693.jpg,2
694.jpg,2
695.jpg,2
696.jpg,2
697.jpg,2
698.jpg,2
699.jpg,2
700.jpg,2
701.jpg,2
702.jpg,2
703.jpg,2
704.jpg,2
705.jpg,2
706.jpg,2
707.jpg,2
708.jpg,2
709.jpg,2
710.jpg,2
711.jpg,2
712.jpg,2
713.jpg,2
714.jpg,2
715.jpg,2
716.jpg,2
717.jpg,2
718.jpg,2
719.jpg,2
720.jpg,2
721.jpg,2
722.jpg,2
723.jpg,2
724.jpg,2
725.jpg,2
726.jpg,2
727.jpg,2
728.jpg,2
729.jpg,2
730.jpg,2
731.jpg,2
732.jpg,2
733.jpg,2
734.jpg,2
735.jpg,2
736.jpg,2
737.jpg,2
738.jpg,2
739.jpg,2
740.jpg,2
741.jpg,2
742.jpg,2
743.jpg,2
744.jpg,2
745.jpg,2
746.jpg,2
747.jpg,2
748.jpg,2
749.jpg,2
750.jpg,2
751.jpg,2
752.jpg,2
753.jpg,2
754.jpg,2
755.jpg,2
756.jpg,2
757.jpg,2
758.jpg,2
759.jpg,2
760.jpg,2
761.jpg,2
762.jpg,2
763.jpg,2
764.jpg,2
765.jpg,2
766.jpg,2
767.jpg,2
768.jpg,2
769.jpg,2
770.jpg,2
771.jpg,2
772.jpg,2
773.jpg,2
774.jpg,2
775.jpg,2
776.jpg,2
777.jpg,2
778.jpg,2
779.jpg,2
780.jpg,2
781.jpg,2
782.jpg,2
783.jpg,2
784.jpg,2
785.jpg,2
786.jpg,2
787.jpg,2
788.jpg,2
789.jpg,2
790.jpg,2
791.jpg,2
792.jpg,2
793.jpg,2
794.jpg,2
795.jpg,2
796.jpg,2
797.jpg,2
798.jpg,2
799.jpg,2
800.jpg,2
801.jpg,2
802.jpg,2
803.jpg,2
804.jpg,2
805.jpg,2
806.jpg,2
807.jpg,2
808.jpg,2
809.jpg,2
810.jpg,2
811.jpg,2
812.jpg,2
813.jpg,2
814.jpg,2
815.jpg,2
816.jpg,2
817.jpg,2
818.jpg,2
819.jpg,2
820.jpg,2
821.jpg,2
822.jpg,2
823.jpg,2
824.jpg,2
825.jpg,2
826.jpg,2
827.jpg,2
828.jpg,2
829.jpg,2
830.jpg,2
831.jpg,2
832.jpg,2
833.jpg,2
834.jpg,2
835.jpg,2
836.jpg,2
837.jpg,2
838.jpg,2
839.jpg,2
840.jpg,2
841.jpg,2
842.jpg,2
843.jpg,2
844.jpg,2
845.jpg,2
846.jpg,2
847.jpg,2
848.jpg,2
849.jpg,2
850.jpg,2
851.jpg,2
852.jpg,2
853.jpg,2
854.jpg,2
855.jpg,2
856.jpg,2
857.jpg,2
858.jpg,2
859.jpg,2
860.jpg,2
861.jpg,2
862.jpg,2
863.jpg,2
864.jpg,2
865.jpg,2
866.jpg,2
867.jpg,2
868.jpg,2
869.jpg,2
870.jpg,2
871.jpg,2
872.jpg,2
873.jpg,2
874.jpg,2
875.jpg,2
876.jpg,2
1000.jpg,3
1001.jpg,3
1002.jpg,3
1003.jpg,3
1004.jpg,3
1005.jpg,3
1006.jpg,3
1007.jpg,3
1008.jpg,3
1009.jpg,3
1010.jpg,3
1011.jpg,3
1012.jpg,3
1013.jpg,3
1014.jpg,3
1015.jpg,3
1016.jpg,3
1017.jpg,3
1018.jpg,3
1019.jpg,3
1020.jpg,3
1021.jpg,3
1022.jpg,3
1023.jpg,3
1024.jpg,3
1025.jpg,3
1026.jpg,3
1027.jpg,3
1028.jpg,3
1029.jpg,3
1030.jpg,3
1031.jpg,3
1032.jpg,3
1033.jpg,3
1034.jpg,3
1035.jpg,3
1036.jpg,3
1037.jpg,3
1038.jpg,3
1039.jpg,3
1040.jpg,3
1041.jpg,3
1042.jpg,3
1043.jpg,3
1044.jpg,3
1045.jpg,3
1046.jpg,3
1047.jpg,3
1048.jpg,3
1049.jpg,3
1050.jpg,3
1051.jpg,3
1052.jpg,3
1053.jpg,3
1054.jpg,3
1055.jpg,3
1056.jpg,3
1057.jpg,3
1058.jpg,3
1059.jpg,3
1060.jpg,3
1061.jpg,3
1062.jpg,3
1063.jpg,3
1064.jpg,3
1065.jpg,3
1066.jpg,3
1067.jpg,3
1068.jpg,3
1069.jpg,3
1070.jpg,3
1071.jpg,3
1072.jpg,3
1073.jpg,3
1074.jpg,3
1075.jpg,3
1076.jpg,3
1077.jpg,3
1078.jpg,3
1079.jpg,3
1080.jpg,3
1081.jpg,3
1082.jpg,3
1083.jpg,3
1084.jpg,3
1085.jpg,3
1086.jpg,3
1087.jpg,3
1088.jpg,3
1089.jpg,3
1090.jpg,3
1091.jpg,3
1092.jpg,3
1093.jpg,3
877.jpg,3
878.jpg,3
879.jpg,3
880.jpg,3
881.jpg,3
882.jpg,3
883.jpg,3
884.jpg,3
885.jpg,3
886.jpg,3
887.jpg,3
888.jpg,3
889.jpg,3
890.jpg,3
891.jpg,3
892.jpg,3
893.jpg,3
894.jpg,3
895.jpg,3
896.jpg,3
897.jpg,3
898.jpg,3
899.jpg,3
900.jpg,3
901.jpg,3
902.jpg,3
903.jpg,3
904.jpg,3
905.jpg,3
906.jpg,3
907.jpg,3
908.jpg,3
909.jpg,3
910.jpg,3
911.jpg,3
912.jpg,3
913.jpg,3
914.jpg,3
915.jpg,3
916.jpg,3
917.jpg,3
918.jpg,3
919.jpg,3
920.jpg,3
921.jpg,3
922.jpg,3
923.jpg,3
924.jpg,3
925.jpg,3
926.jpg,3
927.jpg,3
928.jpg,3
929.jpg,3
930.jpg,3
931.jpg,3
932.jpg,3
933.jpg,3
934.jpg,3
935.jpg,3
936.jpg,3
937.jpg,3
938.jpg,3
939.jpg,3
940.jpg,3
941.jpg,3
942.jpg,3
943.jpg,3
944.jpg,3
945.jpg,3
946.jpg,3
947.jpg,3
948.jpg,3
949.jpg,3
950.jpg,3
951.jpg,3
952.jpg,3
953.jpg,3
954.jpg,3
955.jpg,3
956.jpg,3
957.jpg,3
958.jpg,3
959.jpg,3
960.jpg,3
961.jpg,3
962.jpg,3
963.jpg,3
964.jpg,3
965.jpg,3
966.jpg,3
967.jpg,3
968.jpg,3
969.jpg,3
970.jpg,3
971.jpg,3
972.jpg,3
973.jpg,3
974.jpg,3
975.jpg,3
976.jpg,3
977.jpg,3
978.jpg,3
979.jpg,3
980.jpg,3
981.jpg,3
982.jpg,3
983.jpg,3
984.jpg,3
985.jpg,3
986.jpg,3
987.jpg,3
988.jpg,3
989.jpg,3
990.jpg,3
991.jpg,3
992.jpg,3
993.jpg,3
994.jpg,3
995.jpg,3
996.jpg,3
997.jpg,3
998.jpg,3
999.jpg,3
1124.jpg,4
1125.jpg,4
1126.jpg,4
1127.jpg,4
1128.jpg,4
1129.jpg,4
1130.jpg,4
1131.jpg,4
1132.jpg,4
1133.jpg,4
1134.jpg,4
1135.jpg,4
1136.jpg,4
1137.jpg,4
1138.jpg,4
1139.jpg,4
1140.jpg,4
1141.jpg,4
1142.jpg,4
1143.jpg,4
1144.jpg,4
1145.jpg,4
1146.jpg,4
1147.jpg,4
1148.jpg,4
1149.jpg,4
1150.jpg,4
1151.jpg,4
1152.jpg,4
1153.jpg,4
1154.jpg,4
1155.jpg,4
1156.jpg,4
1157.jpg,4
1158.jpg,4
1159.jpg,4
1160.jpg,4
1161.jpg,4
1162.jpg,4
1163.jpg,4
1164.jpg,4
1165.jpg,4
1166.jpg,4
1167.jpg,4
1168.jpg,4
1169.jpg,4
1170.jpg,4
1171.jpg,4
1172.jpg,4
1173.jpg,4
1174.jpg,4
1175.jpg,4
1176.jpg,4
1177.jpg,4
1178.jpg,4
1179.jpg,4
1180.jpg,4
1181.jpg,4
1182.jpg,4
1183.jpg,4
1184.jpg,4
1185.jpg,4
1186.jpg,4
1187.jpg,4
1188.jpg,4
1189.jpg,4
1190.jpg,4
1191.jpg,4
1192.jpg,4
1193.jpg,4
1194.jpg,4
1195.jpg,4
1196.jpg,4
1197.jpg,4
1198.jpg,4
1199.jpg,4
1200.jpg,4
1201.jpg,4
1202.jpg,4
1203.jpg,4
1204.jpg,4
1205.jpg,4
1206.jpg,4
1207.jpg,4
1208.jpg,4
1209.jpg,4
1210.jpg,4
1211.jpg,4
1212.jpg,4
1213.jpg,4
1214.jpg,4
1215.jpg,4
1216.jpg,4
1217.jpg,4
1218.jpg,4
1219.jpg,4
1220.jpg,4
1221.jpg,4
1222.jpg,4
1223.jpg,4
1224.jpg,4
1225.jpg,4
1226.jpg,4
1227.jpg,4
1228.jpg,4
1229.jpg,4
1230.jpg,4
1231.jpg,4
1232.jpg,4
1233.jpg,4
1234.jpg,4
1235.jpg,4
1236.jpg,4
1237.jpg,4
1238.jpg,4
1239.jpg,4
1240.jpg,4
1241.jpg,4
1242.jpg,4
1243.jpg,4
1244.jpg,4
1245.jpg,4
1246.jpg,4
1247.jpg,4
1248.jpg,4
1249.jpg,4
1250.jpg,4
1251.jpg,4
1252.jpg,4
1253.jpg,4
1254.jpg,4
1255.jpg,4
1256.jpg,4
1257.jpg,4
1258.jpg,4
1259.jpg,4
1260.jpg,4
1261.jpg,4
1262.jpg,4
1263.jpg,4
1264.jpg,4
1265.jpg,4
1266.jpg,4
1267.jpg,4
1268.jpg,4
1269.jpg,4
1270.jpg,4
1271.jpg,4
1272.jpg,4
1273.jpg,4
1274.jpg,4
1275.jpg,4
1276.jpg,4
1277.jpg,4
1278.jpg,4
1279.jpg,4
1280.jpg,4
1281.jpg,4
1282.jpg,4
1283.jpg,4
1284.jpg,4
1285.jpg,4
1286.jpg,4
1287.jpg,4
1288.jpg,4
1289.jpg,4
1290.jpg,4
1291.jpg,4
1292.jpg,4
1293.jpg,4
1294.jpg,4
1295.jpg,4
1296.jpg,4
1297.jpg,4
1298.jpg,4
1299.jpg,4
1300.jpg,4
1301.jpg,4
1302.jpg,4
1303.jpg,4
1304.jpg,4
1305.jpg,4
1306.jpg,4
1307.jpg,4
1308.jpg,4
1309.jpg,4
1310.jpg,4
1311.jpg,4
1312.jpg,4
1313.jpg,4
1314.jpg,4
1315.jpg,4
1316.jpg,4
1317.jpg,4
1318.jpg,4
1319.jpg,4
1320.jpg,4
1321.jpg,4
1322.jpg,4
1323.jpg,4
1324.jpg,4
1325.jpg,4
1326.jpg,4
1327.jpg,4
1328.jpg,4
1329.jpg,4
1330.jpg,4
1331.jpg,4
1332.jpg,4
1333.jpg,4
1334.jpg,4
1335.jpg,4
1336.jpg,4
1337.jpg,4
1338.jpg,4
1339.jpg,4
1340.jpg,4
1341.jpg,4
1342.jpg,4
1343.jpg,4
1344.jpg,4
1345.jpg,4
1346.jpg,4
1347.jpg,4
1348.jpg,4
1349.jpg,4
1350.jpg,4
1351.jpg,4
1352.jpg,4
1353.jpg,4
1354.jpg,4
1355.jpg,4
1356.jpg,4
1357.jpg,4
1358.jpg,4
1359.jpg,4
1360.jpg,4
1361.jpg,4
1362.jpg,4
1363.jpg,4
1364.jpg,4
1365.jpg,4
1366.jpg,4
1367.jpg,4
1368.jpg,4
1369.jpg,4
1370.jpg,4
1371.jpg,4
1372.jpg,4
1373.jpg,4
1374.jpg,4
1375.jpg,4
1376.jpg,4
1377.jpg,4
1378.jpg,4
1379.jpg,4
1380.jpg,4
1381.jpg,4
1382.jpg,4
1383.jpg,4
1384.jpg,4
1385.jpg,4
1386.jpg,4
1387.jpg,4
1388.jpg,4
1389.jpg,4
1390.jpg,4
1391.jpg,4
1392.jpg,4
1393.jpg,4
1424.jpg,5
1425.jpg,5
1426.jpg,5
1427.jpg,5
1428.jpg,5
1429.jpg,5
1430.jpg,5
1431.jpg,5
1432.jpg,5
1433.jpg,5
1434.jpg,5
1435.jpg,5
1436.jpg,5
1437.jpg,5
1438.jpg,5
1439.jpg,5
1440.jpg,5
1441.jpg,5
1442.jpg,5
1443.jpg,5
1444.jpg,5
1445.jpg,5
1446.jpg,5
1447.jpg,5
1448.jpg,5
1449.jpg,5
1450.jpg,5
1451.jpg,5
1452.jpg,5
1453.jpg,5
1454.jpg,5
1455.jpg,5
1456.jpg,5
1457.jpg,5
1458.jpg,5
1459.jpg,5
1460.jpg,5
1461.jpg,5
1462.jpg,5
1463.jpg,5
1464.jpg,5
1465.jpg,5
1466.jpg,5
1467.jpg,5
1468.jpg,5
1469.jpg,5
1470.jpg,5
1471.jpg,5
1472.jpg,5
1473.jpg,5
1474.jpg,5
1475.jpg,5
1476.jpg,5
1477.jpg,5
1478.jpg,5
1479.jpg,5
1480.jpg,5
1481.jpg,5
1482.jpg,5
1483.jpg,5
1484.jpg,5
1485.jpg,5
1486.jpg,5
1487.jpg,5
1488.jpg,5
1489.jpg,5
1490.jpg,5
1491.jpg,5
1492.jpg,5
1493.jpg,5
1494.jpg,5
1495.jpg,5
1496.jpg,5
1497.jpg,5
1498.jpg,5
1499.jpg,5
1500.jpg,5
1501.jpg,5
1502.jpg,5
1503.jpg,5
1504.jpg,5
1505.jpg,5
1506.jpg,5
1507.jpg,5
1508.jpg,5
1509.jpg,5
1510.jpg,5
1511.jpg,5
1512.jpg,5
1513.jpg,5
1514.jpg,5
1515.jpg,5
1516.jpg,5
1517.jpg,5
1518.jpg,5
1519.jpg,5
1520.jpg,5
1521.jpg,5
1522.jpg,5
1523.jpg,5
1524.jpg,5
1525.jpg,5
1526.jpg,5
1527.jpg,5
1528.jpg,5
1529.jpg,5
1530.jpg,5
1531.jpg,5
1532.jpg,5
1533.jpg,5
1534.jpg,5
1535.jpg,5
1536.jpg,5
1537.jpg,5
1538.jpg,5
1539.jpg,5
1540.jpg,5
1541.jpg,5
1542.jpg,5
1543.jpg,5
1544.jpg,5
1545.jpg,5
1546.jpg,5
1547.jpg,5
1548.jpg,5
1549.jpg,5
1550.jpg,5
1551.jpg,5
1552.jpg,5
1553.jpg,5
1554.jpg,5
1555.jpg,5
1556.jpg,5
1557.jpg,5
1558.jpg,5
1559.jpg,5
1560.jpg,5
1561.jpg,5
1562.jpg,5
1563.jpg,5
1564.jpg,5
1565.jpg,5
1566.jpg,5
1567.jpg,5
1568.jpg,5
1569.jpg,5
1570.jpg,5
1571.jpg,5
1572.jpg,5
1573.jpg,5
1574.jpg,5
1575.jpg,5
1576.jpg,5
1577.jpg,5
1578.jpg,5
1579.jpg,5
1580.jpg,5
1581.jpg,5
1582.jpg,5
1583.jpg,5
1584.jpg,5
1585.jpg,5
1586.jpg,5
1587.jpg,5
1588.jpg,5
1589.jpg,5
1590.jpg,5
1591.jpg,5
1592.jpg,5
1593.jpg,5
1594.jpg,5
1595.jpg,5
1596.jpg,5
1597.jpg,5
1598.jpg,5
1599.jpg,5
1600.jpg,5
1601.jpg,5
1602.jpg,5
1603.jpg,5
1604.jpg,5
1605.jpg,5
1606.jpg,5
1607.jpg,5
1608.jpg,5
1609.jpg,5
1610.jpg,5
1611.jpg,5
1612.jpg,5
1613.jpg,5
1614.jpg,5
1615.jpg,5
1616.jpg,5
1617.jpg,5
1618.jpg,5
1619.jpg,5
1620.jpg,5
1621.jpg,5
1622.jpg,5
1623.jpg,5
1624.jpg,5
1625.jpg,5
1626.jpg,5
1627.jpg,5
1628.jpg,5
1629.jpg,5
1630.jpg,5
1631.jpg,5
1632.jpg,5
1633.jpg,5
1634.jpg,5
1635.jpg,5
1636.jpg,5
1637.jpg,5
1638.jpg,5
1639.jpg,5
1640.jpg,5
1641.jpg,5
1642.jpg,5
1643.jpg,5
1644.jpg,5
1645.jpg,5
1646.jpg,5
1647.jpg,5
1648.jpg,5
1649.jpg,5
1650.jpg,5
1651.jpg,5
1652.jpg,5
1653.jpg,5
1654.jpg,5
1655.jpg,5
1656.jpg,5
1657.jpg,5
1658.jpg,5
1659.jpg,5
1660.jpg,5
1661.jpg,5
1662.jpg,5
1663.jpg,5
1664.jpg,5
1665.jpg,5
1666.jpg,5
1667.jpg,5
1668.jpg,5
1669.jpg,5
1670.jpg,5
1671.jpg,5
1672.jpg,5
1673.jpg,5
1674.jpg,5
1675.jpg,5
1676.jpg,5
1677.jpg,5
1678.jpg,5
1679.jpg,5
1680.jpg,5
1681.jpg,5
1682.jpg,5
1683.jpg,5
1684.jpg,5
1685.jpg,5
1686.jpg,5
1687.jpg,5
1688.jpg,5
1689.jpg,5
1690.jpg,5
1691.jpg,5
1692.jpg,5
1693.jpg,5
1694.jpg,5
1695.jpg,5
1696.jpg,5
1697.jpg,5
